<?xml version="1.0" encoding="UTF-8"?>
<?xml-stylesheet type="text/xsl" href="style.xsl"?>
<catalog>
    <book id="b1">
        <title>Harry Potter and the Sorcerer's Stone</title>
        <author>J.K. Rowling</author>
        <price>29.99</price>
    </book>
    <book id="b2">
        <title>The Hobbit</title>
        <author>J.R.R. Tolkien</author>
        <price>24.50</price>
    </book>
    <book id="b3">
        <title>Clean Code</title>
        <author>Robert C. Martin</author>
        <price>32.00</price>
    </book>
</catalog>
